title,price,description,category,image
Women's adidas Originals NMD_Racer Primeknit Shoes,7499.0,"Channeling the streamlined look of an '80s racer, these shoes are updated with modern features. The foot-hugging adidas Primeknit upper offers a soft, breathable feel. The Boost midsole provides responsive comfort accented with a contrast-color EVA heel plug. Embroidered details add a distinctive finish.",Women Shoes,img1.jpg
Women's adidas Originals Sleek Shoes,3799.0,"A modern take on adidas sport heritage, tailored just for women. Perforated 3-Stripes on the leather upper of these shoes offer a sleek look that mirrors iconic tennis styles.",Women Shoes,img2.jpg
Women's adidas Swim Puka Slippers ,599.0,These adidas Puka slippers for women's come with slim straps for a great fit. Feature performance logo on the footbed and textured Rubber outsole that gives unique comfort.,Women Shoes,img3.jpg
Women's adidas Sport Inspired Questar Ride Shoes,3499.0,"Inspired by modern tech runners, these women's shoes step out with unexpected style. They're built with a breathable knit upper, while the heel offers the extra support of an Achilles-hugging design. The cushioned midsole provides a soft landing with every stride.",Women Shoes,img4.jpg
Women's adidas Originals Taekwondo Shoes,3999.0,"This design is inspired by vintage Taekwondo styles originally worn to perfect high kicks and rapid foot strikes. The canvas shoes make a streetwear fashion statement as a chic, foot-hugging slip-on. They're shaped for a narrow, women's-specific fit and ride on a soft gum rubber outsole.",Women Shoes,img5.jpg
Women's adidas Sport Inspired Duramo Lite 2.0 Shoes,1920.0,"Refine your interval training in these women's versatile running-inspired shoes. Featuring a lightweight mesh and synthetic upper, they combine responsive midsole cushioning with a soft collar that reduces ankle pressure. ",Women Shoes,img6.jpg
WOMEN'S ADIDAS RUNNING DURAMO 9 SHOES,2799.0,"These women's neutral running shoes will get you on the road to your goals. A sandwich mesh upper offers lightweight breathability, while a seamless print overlay adds support for a stable stride. The midsole offers pillow-soft Cloudfoam cushioning that eases every stride.",Women Shoes,img7.jpg
Women's adidas Originals Forest Grove Shoes,3959.0,"The Forest Grove brings back the look of the adidas Oregon running design from the '80s. A favourite for marathon training, it had a distinctive look and feel with shock-absorbing cushioning and a web-wrapped midsole. These streetwear shoes echo the original look with a textured nubuck and mesh upper. A web overlay on the midsole adds authentic Oregon style.",Women Shoes,img8.jpg
Women's adidas Originals Swift Run Shoes,4559.0,"The Swift distills decades of adidas heritage running designs. Made for casual everyday wear, these lightweight knit shoes come with a sleek shape and a supportive yet flexible feel. They stand out with embroidered accents and smooth welded details. An EVA midsole adds all-day wearability.",Women Shoes,img9.jpg
Women's adidas Originals Continental Vulc Shoes,3959.0,These low-profile shoes come in a pastel color for a feminine touch. A mix of nubuck and canvas on the upper adds texture. The suede toe cap is abrasion-resistant so they look fresh and new longer. A vulcanized outsole makes them durable.,Women Shoes,img10.jpg
Women's adidas Running Duramo 9 Shoes,2999.0,"These women's neutral running shoes will get you on the road to your goals. A sandwich mesh upper offers lightweight breathability, while a seamless print overlay adds support for a stable stride. The midsole offers pillow-soft Cloudfoam cushioning that eases every stride.",Women Shoes,img11.jpg
Women's adidas Running Duramo 9 Shoes,3000.0,"These women's neutral running shoes will get you on the road to your goals. A sandwich mesh upper offers lightweight breathability, while a seamless print overlay adds support for a stable stride. The midsole offers pillow-soft Cloudfoam cushioning that eases every stride.",Women Shoes,img12.jpg
Men's adidas Sport Inspired Response Trail Shoes,3999.0,"When the road turns to trail, all that matters is what lies ahead. These running shoes deliver a plush ride and confident grip in a fresh, sporty look. Cloudfoam cushioning feels ultra-soft while the aggressive outsole grabs on in all directions. The multilayer upper and sleek 3-Stripes elevate your look when you get back to town.",Men Shoes,img13.jpg
Men's adidas Sport Inspired Run 70s Shoes,3359.0,"These running-inspired shoes are designed with a mesh upper and a textile lining for flexible, all-day comfort. 3-Stripes and a rubber outsole give the shoes a stylish sign-off.",Men Shoes,img14.jpg
Men's adidas Sport Inspired Drogo Shoes ,1349.0,The adidas running-inspired shoes for men. An excellent combination of breathable Mesh with synthetic overlays on the upper makes it very comfortable for your feet on the run. Durable and non slippery one piece super grip EVA midsole and outsole ensures maximum stability and grip on the ground.,Men Shoes,img15.jpg
Men's adidas Running Nayo 1.0 shoes,2000.0,"The adidas Nayo 1.0 shoes for men. These lightweight running shoes give all round comfort, cushioning, durability & support in a simplistic design. The mesh upper ensure breathability and durability while the Light strike EVA midsole provides premium cushioning's. Full Rubber outsole provides durability.",Men Shoes,img16.jpg
Men's adidas Sports Inspired Lite Racer Shoes,2149.0,The ultra-lightweight build of these shoes takes a running-inspired style to the streets. The sporty look has a breathable and durable mesh upper with stitched-on 3-Stripes. EVA cushioning provides lightweight comfort for every step.,Men Shoes,img17.jpg
Men's adidas Running Nepton 2.0 Shoes,2999.0,"Sleek design with reflective three stripes makes it a contemporary yet functional
shoe. Breathable textile upper for maximum ventilation and a cushioned midsole provides all-day comfort with rubber outsole for best durability in high wear areas. ",Men Shoes,img18.jpg
Men's adidas Running Torik Shoes,2399.0,"A well cushioned shoe with a fresher look that will appeal to young runners. Features Mesh upper for maximum ventilation, lightstrike IMEVA midsole with visible adiprene providing protection from harmful impact forces and durable Rubber outsole for long-lasting wear. ",Men Shoes,img19.jpg
Men's adidas Sport Inspired Kalus 1.0 Shoes,2299.0,"A well cushioned running-inspired shoes with a fresher look that will appeal to all. Features Mesh upper for maximum ventilation, lightstrike IMEVA midsole with visible adiprene providing protection from harmful impact forces and durable Rubber outsole for long-lasting wear. ",Men Shoes,img20.jpg
Men's adidas Running Duramo 9 Shoes,3599.0,"These men's running shoes will get you on the road to your goals. A sandwich mesh upper offers lightweight breathability, while a seamless print overlay adds support for a stable stride. The midsole offers pillow-soft Cloudfoam cushioning that eases every stride.",Men Shoes,img21.jpg
MEN'S adidas  RUNNING YAMO 1.0 SHOES,2399.0,The adidas Yamo 1.0 shoes for men. These lightweight running shoes have a combination of Synthetic with double layer Mesh ensure breathability and durability while the Lightstrike EVA midsole provides premium cushionings. Full Rubber outsole provides durability.,Men Shoes,img22.jpg
Men's ADIDAS RUNNING NEBULAR 1.0 SHOES,2299.0,The premium looking adidas Nebular 1.0 Running shoes for men crafted with Mesh overlays which make it lightweight. The breathable sandwich Mesh offer extended ventilation and comfort. Light strike IMEVA midsole with full Rubber outsole provides durability.,Men Shoes,img23.jpg
MEN'S ADIDAS RUNNING LEGUS SHOES,2999.0,"Get maximum support, comfort and a refreshed look with these adidas Legus shoes for men. The textile mesh upper is breathable and has a sock-like fit and the supportive cage in the shoe's midfoot provides midfoot lockdown. CLOUDFOAM gives  instant step in-comfort, long-lasting responsive cushioning and a super-plush feel and the Rubber outsole gives ultimate durability.",Men Shoes,img24.jpg
Chemises à manches courtes à rayures,35.98,"Sed ut perspiciatis unde omnis iste natus error sit voluptatem accusantium doloremque laudantium, totam rem aperiam, eaque ipsa quae ab illo inventore veritatis et quasi architecto beatae vitae dicta sunt explicabo.",Men Clothing,img25.jpg
Chemise Henley en lin respirant pour homme,39.99,"Sed ut perspiciatis unde omnis iste natus error sit voluptatem accusantium doloremque laudantium, totam rem aperiam, eaque ipsa quae ab illo inventore veritatis et quasi architecto beatae vitae dicta sunt explicabo.",Men Clothing,img26.jpg
Chemise vintage en couleur pure à col montant,38.99,"Sed ut perspiciatis unde omnis iste natus error sit voluptatem accusantium doloremque laudantium, totam rem aperiam, eaque ipsa quae ab illo inventore veritatis et quasi architecto beatae vitae dicta sunt explicabo.",Men Clothing,img27.jpg
T-shirt décontracté en coton uni avec poche poitrine,25.99,"Sed ut perspiciatis unde omnis iste natus error sit voluptatem accusantium doloremque laudantium, totam rem aperiam, eaque ipsa quae ab illo inventore veritatis et quasi architecto beatae vitae dicta sunt explicabo.",Men Clothing,img28.jpg
Chemises à poches multicolores,33.94,"Sed ut perspiciatis unde omnis iste natus error sit voluptatem accusantium doloremque laudantium, totam rem aperiam, eaque ipsa quae ab illo inventore veritatis et quasi architecto beatae vitae dicta sunt explicabo.",Men Clothing,img29.jpg
Chemises Imprimées Branches Vintage,33.94,"Sed ut perspiciatis unde omnis iste natus error sit voluptatem accusantium doloremque laudantium, totam rem aperiam, eaque ipsa quae ab illo inventore veritatis et quasi architecto beatae vitae dicta sunt explicabo.",Men Clothing,img30.jpg
T-shirts graphiques Astronaute et Terre,29.99,"Sed ut perspiciatis unde omnis iste natus error sit voluptatem accusantium doloremque laudantium, totam rem aperiam, eaque ipsa quae ab illo inventore veritatis et quasi architecto beatae vitae dicta sunt explicabo.",Men Clothing,img31.jpg
Chemise à imprimé floral en porcelaine pour homme,37.71,"Sed ut perspiciatis unde omnis iste natus error sit voluptatem accusantium doloremque laudantium, totam rem aperiam, eaque ipsa quae ab illo inventore veritatis et quasi architecto beatae vitae dicta sunt explicabo.",Men Clothing,img32.jpg
Chemises 100% coton imprimées pour hommes,37.71,"Sed ut perspiciatis unde omnis iste natus error sit voluptatem accusantium doloremque laudantium, totam rem aperiam, eaque ipsa quae ab illo inventore veritatis et quasi architecto beatae vitae dicta sunt explicabo.",Men Clothing,img33.jpg
Chemises unie Striola Chest Pocket,28.28,"Sed ut perspiciatis unde omnis iste natus error sit voluptatem accusantium doloremque laudantium, totam rem aperiam, eaque ipsa quae ab illo inventore veritatis et quasi architecto beatae vitae dicta sunt explicabo.",Men Clothing,img34.jpg
T-shirt 100% coton à col en V de couleur unie,28.28,"Sed ut perspiciatis unde omnis iste natus error sit voluptatem accusantium doloremque laudantium, totam rem aperiam, eaque ipsa quae ab illo inventore veritatis et quasi architecto beatae vitae dicta sunt explicabo.",Men Clothing,img35.jpg
T-shirt 100% coton à col en V de couleur unie,29.28,"Sed ut perspiciatis unde omnis iste natus error sit voluptatem accusantium doloremque laudantium, totam rem aperiam, eaque ipsa quae ab illo inventore veritatis et quasi architecto beatae vitae dicta sunt explicabo.",Men Clothing,img36.jpg
T-shirt boutonné à manches courtes et imprimé floral,46.99,"Sed ut perspiciatis unde omnis iste natus error sit voluptatem accusantium doloremque laudantium, totam rem aperiam, eaque ipsa quae ab illo inventore veritatis et quasi architecto beatae vitae dicta sunt explicabo.",Women Clothing,img37.jpg
T-shirt brodé de fleurs,38.88,"Sed ut perspiciatis unde omnis iste natus error sit voluptatem accusantium doloremque laudantium, totam rem aperiam, eaque ipsa quae ab illo inventore veritatis et quasi architecto beatae vitae dicta sunt explicabo.",Women Clothing,img38.jpg
Robe longue à imprimé floral vintage,70.99,"Sed ut perspiciatis unde omnis iste natus error sit voluptatem accusantium doloremque laudantium, totam rem aperiam, eaque ipsa quae ab illo inventore veritatis et quasi architecto beatae vitae dicta sunt explicabo.",Women Clothing,img39.jpg
Combinaison à bretelles à imprimé floral,64.98,"Sed ut perspiciatis unde omnis iste natus error sit voluptatem accusantium doloremque laudantium, totam rem aperiam, eaque ipsa quae ab illo inventore veritatis et quasi architecto beatae vitae dicta sunt explicabo.",Women Clothing,img40.jpg
Combinaison à bretelles à imprimé floral,63.98,"Sed ut perspiciatis unde omnis iste natus error sit voluptatem accusantium doloremque laudantium, totam rem aperiam, eaque ipsa quae ab illo inventore veritatis et quasi architecto beatae vitae dicta sunt explicabo.",Women Clothing,img41.jpg
Pantalon décontracté à cordon de couleur unie,45.99,"Sed ut perspiciatis unde omnis iste natus error sit voluptatem accusantium doloremque laudantium, totam rem aperiam, eaque ipsa quae ab illo inventore veritatis et quasi architecto beatae vitae dicta sunt explicabo.",Women Clothing,img42.jpg
Vestes à imprimé floral de style ethnique,72.47,"Sed ut perspiciatis unde omnis iste natus error sit voluptatem accusantium doloremque laudantium, totam rem aperiam, eaque ipsa quae ab illo inventore veritatis et quasi architecto beatae vitae dicta sunt explicabo.",Women Clothing,img43.jpg
T-shirt simple à fleurs,39.99,"Sed ut perspiciatis unde omnis iste natus error sit voluptatem accusantium doloremque laudantium, totam rem aperiam, eaque ipsa quae ab illo inventore veritatis et quasi architecto beatae vitae dicta sunt explicabo.",Women Clothing,img44.jpg
Robe longue à patchwork imprimé,73.31,"Sed ut perspiciatis unde omnis iste natus error sit voluptatem accusantium doloremque laudantium, totam rem aperiam, eaque ipsa quae ab illo inventore veritatis et quasi architecto beatae vitae dicta sunt explicabo.",Women Clothing,img45.jpg
Chemisier ample à col rabattu de couleur unie,39.58,"Sed ut perspiciatis unde omnis iste natus error sit voluptatem accusantium doloremque laudantium, totam rem aperiam, eaque ipsa quae ab illo inventore veritatis et quasi architecto beatae vitae dicta sunt explicabo.",Women Clothing,img46.jpg
Sarouel croisé décontracté,48.37,"Sed ut perspiciatis unde omnis iste natus error sit voluptatem accusantium doloremque laudantium, totam rem aperiam, eaque ipsa quae ab illo inventore veritatis et quasi architecto beatae vitae dicta sunt explicabo.",Women Clothing,img47.jpg
Sarouel croisé décontracté,49.37,"Sed ut perspiciatis unde omnis iste natus error sit voluptatem accusantium doloremque laudantium, totam rem aperiam, eaque ipsa quae ab illo inventore veritatis et quasi architecto beatae vitae dicta sunt explicabo.",Women Clothing,img48.jpg
